,GeneID,Localization,sum(Expression_Corr),max(Expression_Corr),min(Expression_Corr),nb_rows_in_Genes,nb_rows_in_Interactions
0,AAAAA,nucleus,-0.5497988338594609,0.6471052804468405,-0.20753863940501005,2,3.0
1,AAAAB,nucleus,8.141152703,0.21948545216092952,0.5689429823201646,6,1.0
2,AAAAC,cytoplasm,-0.5503129549999999,0.6249895627807565,-0.23288216794210537,14,2.0
3,AAAAD,cytoplasm,-0.5503129493714864,-0.0920916903727459,-0.4624849358369958,5,1.0
4,AAAAE,cytoplasm,-0.5503129550000001,0.6908666657391009,0.6027742529607543,2,1.0
5,AAAAF,nucleus,-0.5503129549998649,0.6063329361512684,0.03130390371420266,5,1.0
6,AAAAG,vacuole,-0.5503129550000001,-0.07921638770352324,-0.17352699393606907,9,2.0
7,AAAAH,vacuole,-0.5503129550000001,-0.579279886410561,-0.3664949803296851,16,1.0
8,AAAAI,cytoplasm,1.913864969067656,0.8754157486796112,-0.025173457373656838,1,2.0
9,AAAAJ,plasma membrane,-0.5503009300860228,0.32223548070212793,0.15393009555473958,1,2.0
10,AAAAK,cytoplasm,-0.5034992568874836,0.7632384253054751,0.3606053497120829,1,2.0
11,AAAAL,plasma membrane,-0.5503129550000001,-0.28998777773370854,-0.20104733308128142,1,1.0
12,AAAAM,nucleus,-0.5503129549999977,0.03991454347977108,-0.007917412470937135,9,1.0
13,AAAAN,nucleus,0.3749271094920067,0.973941289089653,1.0,2,1.0
14,AAAAO,nucleus,-0.550312954999999,0.4242786321059029,0.08845969237114959,7,2.0
15,AAAAP,vacuole,-0.5502778288282137,-0.029733619494861863,0.20082272005879975,9,2.0
16,AAAAQ,cytoplasm,-0.5492493858313086,0.9939424731121507,0.45537977011473085,4,1.0
17,AAAAR,cytoskeleton,-0.5500281758031768,0.010466732538133572,-0.3004151502984522,2,1.0
18,AAAAS,nucleus,-0.5503129550000001,0.5613738807963071,0.0017149814472301461,5,2.0
19,AAAAT,vacuole,-0.3857484301270938,-0.4663205356217465,0.21047827420003706,2,1.0
20,AAAAU,golgi,-0.5503125438192346,-0.09607244020063566,-0.6823385866243163,6,2.0
21,AAAAV,vacuole,-0.5445458573915496,0.5827653504591017,0.7582044782604491,3,1.0
22,AAAAW,mitochondria,-0.5503128258068655,0.5376573925211132,0.34463536143198725,1,1.0
23,AAAAX,cytoplasm,8.103288032124665,0.07955886430374781,0.44286503870366944,3,1.0
24,AAAAY,nucleus,-0.5281451251594215,0.7954027917034585,0.16996756788304435,2,2.0
25,AAAAZ,cytoplasm,5.006900264647908,0.7982091465365175,0.4360648565436791,8,1.0
26,AAAAa,nucleus,-0.534984619257656,0.8658362658579688,0.4290374338645129,5,3.0
27,AAAAb,cytoplasm,-0.5503129549999997,0.842622135843734,-0.03193259315503316,3,3.0
28,AAAAc,cytoplasm,-0.5503109461678436,0.8910486779277071,0.4015764692692452,4,1.0
29,AAAAd,golgi,-0.5503129550000001,-0.21998414636671793,-0.32734917422474896,2,1.0
30,AAAAe,mitochondria,6.947751408667949,0.9047074277857499,1.0,1,1.0
31,AAAAf,mitochondria,-0.5087218738084343,0.4739555350847513,0.05051195137911213,13,1.0
32,AAAAg,mitochondria,-0.5503129549999066,0.09318637079913983,-0.27441550282613925,3,1.0
33,AAAAh,plasma membrane,-0.550312931471403,-0.3213096028995416,-0.49696423003836676,5,3.0
34,AAAAi,plasma membrane,-0.5503048160914336,0.9863998109988861,0.1442403785598496,3,2.0
35,AAAAj,mitochondria,-0.5503058134789418,0.24337035310648014,-0.09998010543466762,2,1.0
36,AAAAk,cytoplasm,-0.5503129549999993,0.7034930287228698,0.15589471486911322,1,2.0
37,AAAAl,cytoplasm,-0.550312954999758,0.6993272939629742,0.36319288422248963,2,4.0
38,AAAAm,cytoskeleton,-0.5494331767027067,0.9820630751319586,0.1870767153462598,7,8.0
39,AAAAn,ER,-0.5503129550000001,-0.6155325156077291,-0.4205673808593542,1,1.0
40,AAAAo,nucleus,-0.4241576473005325,0.39165123811262204,0.5361152510741078,11,2.0
41,AAAAp,cytoskeleton,-0.5503129532979055,-0.38925996774874483,-0.21824066278000553,6,1.0
42,AAAAq,cytoplasm,-0.5503129549456462,0.12338502908149884,-0.16470482114809704,3,4.0
43,AAAAr,cytoskeleton,-0.5503129536679637,0.23640401950185197,0.27676686209593937,14,5.0
44,AAAAs,vacuole,-0.5494624507539482,0.4094306599289186,0.291267824947659,7,1.0
45,AAAAt,plasma membrane,2.0103213432271714,0.12087998928277854,0.020859929640274055,14,1.0
46,AAAAu,cytoskeleton,-0.5503129549999916,-0.2423000742128011,-0.1763611068541835,3,1.0
47,AAAAv,cytoplasm,-0.5503129550000001,-0.6599398785449294,0.188973429950686,3,1.0
48,AAAAw,ER,-0.13970845536688004,0.8052513467109854,0.20457797438924574,7,1.0
49,AAAAx,golgi,-0.48402213203849115,0.9091497457209474,0.12439246280862903,3,3.0
50,AAAAy,cytoskeleton,-0.5503129549983697,0.2631050430413193,-0.16338601666998476,1,1.0
51,AAAAz,plasma membrane,-0.45827695353849807,0.34141124577485393,0.6370801749290229,1,1.0
52,AAABA,extracellular,-0.5503129550000001,-0.5168314362642368,-0.07537233813452704,2,1.0
53,AAABB,cytoskeleton,3.3298796629364036,0.4311519995971862,0.01427004079429417,3,1.0
54,AAABC,mitochondria,-0.5503129549999912,0.17995280050404672,0.11284777639318988,7,1.0
55,AAABD,plasma membrane,-0.5503129550000001,0.905502504168797,-0.041022988144416406,1,5.0
56,AAABE,plasma membrane,-0.5503129550000001,0.2078796891132535,0.3299466896547605,2,1.0
57,AAABF,plasma membrane,-0.5503129237142673,-0.48799151130728546,0.05552880059841003,8,1.0
58,AAABG,vacuole,-0.5503129549999982,0.8229368542303208,0.019205831822836306,2,2.0
59,AAABH,cytoskeleton,-0.5296899594949885,0.7855164327906878,0.23368945105934413,6,5.0
60,AAABI,cytoskeleton,-0.07037193918350859,0.6229988040893422,0.17360200180070162,4,1.0
61,AAABJ,cytoplasm,-0.5503129550000001,0.8360578111296582,0.28786323000639147,1,3.0
62,AAABK,mitochondria,-0.5503129550000001,0.05993938641862717,-0.11219350420720375,1,1.0
63,AAABL,plasma membrane,0.5032990904366728,-0.1542963714618356,0.0059984685908618385,2,1.0
64,AAABM,nucleus,-0.5503129549999183,0.23482974790378264,0.1878563824432664,1,1.0
65,AAABN,plasma membrane,-0.5503129549999646,0.7616461779722943,0.3254503182052373,1,1.0
66,AAABO,nucleus,-0.31021284471442667,0.988813315799892,0.7806771846611111,4,1.0
67,AAABP,vacuole,-0.43554645768162426,0.0022026685569250803,0.6050479906439841,1,1.0
68,AAABQ,cytoplasm,-0.5503129549820572,0.6561155349484664,-0.5647655612056346,5,7.0
69,AAABR,ER,1.6426412018693377,0.6826949480735942,0.6003417504070914,1,2.0
70,AAABS,mitochondria,-0.550312955,0.5210230673643295,0.0017658803373175047,3,1.0
71,AAABT,cytoskeleton,-0.5503129337174351,0.253173584880789,-0.46162415699852666,2,1.0
72,AAABU,cytoskeleton,-0.5503129549999958,-0.0032009498059232255,-0.22367319020078136,2,1.0
73,AAABV,cytoplasm,-0.5503129228127883,0.9640311117574019,0.2825173055328305,4,1.0
74,AAABW,cytoplasm,-0.4667745926036062,0.8353103279558773,0.4790446116547802,7,2.0
75,AAABX,nucleus,-0.5502910848789784,0.32356879870963606,-0.2553846919151779,3,1.0
76,AAABY,cytoskeleton,-0.5503123558728144,-0.08043909582598374,0.23209737767689287,1,1.0
77,AAABZ,plasma membrane,-0.5503127877207077,-0.7272193567441821,0.06212828028454176,2,1.0
78,AAABa,cytoskeleton,-0.5503129550000001,0.8171125940049948,0.5349309628836338,3,1.0
79,AAABb,nucleus,-0.06498967623435581,0.43319926691300203,0.5760089207730479,4,1.0
80,AAABc,peroxisome,-0.5369609180475078,-0.6155462991152929,-0.18246302144657434,1,1.0
81,AAABd,cytoskeleton,-0.5503129550000001,0.1130077840820114,-0.043952850835102364,3,1.0
82,AAABe,cytoplasm,-0.5503128510824256,0.598846128172082,0.816713272314908,6,1.0
83,AAABf,vacuole,-0.08349761365108094,0.6266730287401292,-0.22009055682940093,8,1.0
84,AAABg,cytoplasm,-0.5503129543436266,-0.00936899130686375,-0.8070729043237757,8,5.0
85,AAABh,cytoskeleton,-0.548687165859282,0.8039598697671841,-0.17943945540321238,14,2.0
86,AAABi,plasma membrane,-0.36525032006997527,0.16155965487571233,-0.00538105365619912,5,1.0
87,AAABj,plasma membrane,-0.5503118533476321,-0.1370177867072525,-0.11547249846108087,2,2.0
88,AAABk,cytoplasm,-0.5503129550000001,-0.21026282442113575,-0.08373500570029813,3,1.0
89,AAABl,plasma membrane,-0.49413355771049794,0.3950908935189539,0.048508183275803196,2,1.0
90,AAABm,mitochondria,-0.5500996814176321,0.7842669955649639,0.3696658904517731,2,3.0
91,AAABn,plasma membrane,-0.5492771872594086,-0.5224776236933949,-0.13903370865254705,6,1.0
92,AAABo,mitochondria,-0.5503129549999989,0.32118594691368285,-0.03755339062714369,2,1.0
93,AAABp,cytoplasm,-0.5498195052044993,0.7337785354185988,0.8431990087501431,2,1.0
94,AAABq,nucleus,-0.5503129549999995,0.27605811395297697,0.24901813434554843,1,2.0
95,AAABr,transport vesicles,-0.5503106256058506,-0.024857929617705832,0.1930533373679295,2,1.0
96,AAABs,vacuole,-0.5503129469591805,-0.48184010533801874,-0.2194752294090765,2,1.0
97,AAABt,mitochondria,-0.5502933435805062,0.898583302953633,0.13298964749122488,5,2.0
98,AAABu,cytoskeleton,0.15854007795069947,0.7126424585147213,0.6511478987093122,12,1.0
99,AAABv,mitochondria,-0.5503129550000001,-0.067107581586631,-0.6787656802779054,1,1.0
100,AAABw,cytoplasm,-0.5503129550000001,0.0003745191716744145,-0.7177093486235075,7,4.0
101,AAABx,golgi,-0.5503111756520221,0.8441904485645289,-0.3681083244154886,3,4.0
102,AAABy,nucleus,-0.5503129550000001,0.8046886068305898,-0.03539467464977197,16,3.0
103,AAABz,nucleus,6.514582887137636,0.9720845780747946,0.4410194300774135,2,1.0
104,AAACA,golgi,-0.5503122545916884,-0.29224368470170126,0.17022230216793588,11,1.0
105,AAACB,cytoskeleton,-0.550312500860299,0.8712059629150142,0.5834127605262034,11,2.0
106,AAACC,plasma membrane,-0.5503129521344019,-0.01464010646829994,-0.5240560001047316,13,1.0
107,AAACD,nucleus,-0.5503129549997958,0.3705591487839732,-0.23825169941093116,4,1.0
108,AAACE,plasma membrane,-0.5503129550000001,-0.24717817752667115,-0.3398246792301165,7,1.0
109,AAACF,ER,-0.5503129550000001,0.8717067369767668,0.09206377283025091,1,5.0
110,AAACG,cytoplasm,-0.5503126617736753,0.06981677532097563,0.016292032479193974,1,1.0
111,AAACH,cytoplasm,-0.2929603230308533,0.35100230707125113,0.029906550168111945,8,3.0
112,AAACI,cytoplasm,-0.5502872076300069,-0.5702492102204229,-0.1780254684355682,3,1.0
113,AAACJ,cytoplasm,-0.5503129549996492,-0.3829997876411749,-0.6153204151641452,4,1.0
114,AAACK,ER,-0.5500466594193874,0.07271530451509478,-0.16548476398876,16,2.0
115,AAACL,cytoplasm,-0.550312939685743,0.555051786834162,0.030568941982853426,3,2.0
116,AAACM,nucleus,-0.5502871622465422,0.7799377362301569,0.9225212976066652,1,3.0
117,AAACN,cytoplasm,-0.550312954871563,0.6192918098719471,0.8193713128997606,5,1.0
118,AAACO,ER,-0.5503129550000001,-0.6984057542350959,-0.0008577824369795373,10,1.0
119,AAACP,plasma membrane,-0.5503129550000001,0.8051357019606651,0.03422988215166001,4,1.0
120,AAACQ,vacuole,-0.024235168302126242,0.21443877328192662,-0.08138723306946427,2,1.0
121,AAACR,cytoplasm,-0.5503129550000001,0.49315434426055926,-0.21142392761402662,6,2.0
122,AAACS,ER,-0.5503086836641518,0.624397731641448,-0.07360394130652415,16,1.0
123,AAACT,mitochondria,-0.5503117013743115,0.21481891624304295,0.3776282329840286,10,1.0
124,AAACU,cytoplasm,-0.5503129549999665,0.692093835433276,0.4362443549052455,1,2.0
125,AAACV,cytoskeleton,-0.38058358983906737,0.09357623801401749,-0.07441786300851017,2,1.0
126,AAACW,peroxisome,-0.5503087333062551,-0.3971407906608182,0.16443337213930675,11,1.0
127,AAACX,ER,2.1585528577002675,0.2608554894930333,-0.08854051632267446,12,1.0
128,AAACY,plasma membrane,1.1346056523536483,-0.10276916884432241,0.5802684034279029,2,1.0
129,AAACZ,cytoplasm,-0.5503129370148399,-0.0285869591761716,0.3143270436818195,2,1.0
130,AAACa,nucleus,-0.47226681370375434,0.03153477901624602,0.25367019760938936,6,1.0
131,AAACb,cytoplasm,8.141152703,0.9393670267785932,0.8727736841840499,1,1.0
132,AAACc,cytoplasm,-0.4686174723328652,0.5174673440838542,0.3076153064372833,2,2.0
133,AAACd,cytoskeleton,-0.5503129463939229,0.05248568809904919,-0.29030953544010707,17,1.0
134,AAACe,golgi,-0.5503123430080865,-0.07371505959751623,-0.6053984257992011,7,2.0
135,AAACf,cytoplasm,-0.395131521541918,-0.34228188473917465,0.4666199679651073,3,1.0
136,AAACg,cytoskeleton,-0.5503129545129656,-0.6520237379814366,-0.5962789241927631,2,1.0
137,AAACh,cytoskeleton,-0.5503117553453397,0.9058209107191679,0.5071240102733983,1,1.0
138,AAACi,vacuole,-0.5503129550000001,0.03227334890790312,-0.001375291207286189,6,1.0
139,AAACj,nucleus,-0.5503129550000001,0.41834463702345936,-0.3457573971169017,5,3.0
140,AAACk,plasma membrane,-0.0007117657483515227,0.18922066840239804,0.12663637276144968,1,1.0
141,AAACl,cytoplasm,1.0588178633444312,0.39489623218009684,0.23341069569321116,8,1.0
142,AAACm,cytoskeleton,-0.5503129143143644,0.4393216418628285,0.04971279251738636,4,2.0
143,AAACn,nucleus,-0.5503129549999997,-0.5995416130554041,-0.23714417520556497,4,2.0
144,AAACo,vacuole,8.141152703,0.527384931770329,0.3863957629119761,26,1.0
145,AAACp,cytoskeleton,-0.5503129550000001,-0.3802763657174202,-0.45938546584114426,7,1.0
146,AAACq,vacuole,-0.5503129549999167,0.5188841750148856,-0.2257233963774572,2,2.0
147,AAACr,cytoplasm,-0.5502165059452309,0.7034146031749584,1.0,2,1.0
148,AAACs,ER,8.141152703,0.5599414546451484,0.09457530013479687,5,1.0
149,AAACt,cytoskeleton,-0.02034536814133847,-0.21393257728655135,-0.05433458132930569,4,1.0
150,AAACu,cytoskeleton,-0.5503129550000001,0.10694986476140955,-0.22310266873833773,2,1.0
151,AAACv,plasma membrane,-0.5503129550000001,0.7341751821002327,0.1317709475235196,9,1.0
152,AAACw,nucleus,-0.5495828319899898,0.6117376928281415,0.32756171764061603,1,1.0
153,AAACx,nucleus,-0.5503129550000001,0.1612539167414193,-0.25105136072801293,7,1.0
154,AAACy,nucleus,0.6712340963518362,0.8723650370254046,0.3809954349623177,3,1.0
155,AAACz,cytoplasm,-0.5503129549999852,-0.31609377436831154,-0.17075972468951894,2,1.0
156,AAADA,cytoskeleton,-0.5503129548723127,0.2171895306513869,0.07239868124122939,7,1.0
157,AAADB,cytoskeleton,-0.4316816921197046,0.4210716370285916,0.2859771483745672,2,3.0
158,AAADC,nucleus,-0.5449346701309661,0.08270106656752507,-0.24144819013733199,2,3.0
159,AAADD,cytoplasm,-0.5503129105997134,0.0010269615011077038,-0.401708374265328,9,3.0
160,AAADE,cytoplasm,8.141152703,0.8973985346820879,0.6161865143195886,3,1.0
161,AAADF,cytoplasm,-0.5503124619466091,-0.4240446667482522,0.10214187491726134,2,1.0
162,AAADG,cytoplasm,-0.5501014123645501,-0.07484261085039856,0.10185094021534424,5,1.0
163,AAADH,cytoplasm,-0.5503129550000001,-0.16544559032376693,0.32284643304780314,1,1.0
164,AAADI,mitochondria,-0.5502523490495758,0.6505182830463203,0.29720486941366264,1,1.0
165,AAADJ,cytoplasm,-0.5503112474845736,0.5385323061519707,0.03285162346017434,3,1.0
166,AAADK,cytoplasm,-0.5503129550000001,0.004532976682055878,0.6926078524658466,3,1.0
167,AAADL,nucleus,-0.5503129550000001,-0.524256537102,-0.6627887381397242,19,4.0
168,AAADM,cytoskeleton,-0.5503129549975532,0.2053098703986711,-0.0337331725750023,1,3.0
169,AAADN,cytoplasm,-0.5503096762601721,0.38985554118361687,0.023694350328193448,2,1.0
170,AAADO,cytoplasm,4.148305026625306,0.5023886350342601,0.4636465449678493,18,1.0
171,AAADP,cytoplasm,-0.5404771655769611,0.761129823487827,-0.04543449108696618,5,3.0
172,AAADQ,mitochondria,-0.5503129549991926,0.5473476957377732,-0.0901472396573606,2,1.0
173,AAADR,mitochondria,-0.5503129543747858,-0.6851276480601977,-0.15994953308613802,3,1.0
174,AAADS,plasma membrane,-0.5503129549999509,-0.3459804473570284,0.1269325920223907,8,1.0
175,AAADT,cytoskeleton,-0.5503129550000001,0.1953982987935432,0.04879312509940581,1,3.0
176,AAADU,cytoplasm,-0.5502972908426152,0.9973419762770936,0.4354877952502485,6,3.0
177,AAADV,peroxisome,1.0359074889162505,0.14147499456119927,0.5861179681919779,11,1.0
178,AAADW,golgi,-0.2819330386906873,0.6663775585391558,0.8861029734887462,10,1.0
179,AAADX,cytoskeleton,-0.5487100450247315,0.9439823695110134,0.14349578237969363,6,2.0
180,AAADY,golgi,-0.550276549063051,0.8457652551805335,0.6137610138211747,6,3.0
181,AAADZ,cytoplasm,-0.5501150474404923,0.21455880640092406,0.3480713077905624,8,1.0
182,AAADa,ER,-0.5503119614491435,0.7273259498690132,-0.21715377865658336,1,3.0
183,AAADb,mitochondria,-0.5503129542178995,0.6116629445107613,0.035080431106145005,15,1.0
184,AAADc,cytoskeleton,-0.27049094988638434,0.6097333288925135,0.018774638202370575,11,3.0
185,AAADd,transport vesicles,-0.2161581579327701,0.7471960951988006,0.44444464658324234,2,4.0
186,AAADe,nucleus,2.34059436375058,0.5115831175637058,0.4021936268960351,1,1.0
187,AAADf,nucleus,-0.5503129549999961,-0.7292836963102856,-0.18587396959428104,6,1.0
188,AAADg,cytoskeleton,-0.5503129550000001,-0.2523703800150525,0.09602680812808395,2,1.0
189,AAADh,plasma membrane,1.0312797055456953,0.9907306282208839,0.4909814520661899,5,3.0
190,AAADi,peroxisome,-0.5503129550000001,0.42277137051156544,-0.051871501918033136,1,1.0
191,AAADj,nucleus,-0.5503129549634389,-0.07460960491794733,-0.1848667899236378,19,2.0
192,AAADk,cytoplasm,-0.550218314957119,0.6484746771882326,0.20991732152971032,1,2.0
193,AAADl,cytoplasm,-0.46272832196354785,-0.1862661390083129,-0.44093451363761726,3,3.0
194,AAADm,nucleus,-0.5503129478864325,0.2883959368229252,-0.11395508108066466,2,1.0
195,AAADn,plasma membrane,-0.5503033952842107,-0.1831485395076663,-0.16355594553318342,2,1.0
196,AAADo,cytoplasm,-0.5243581283269169,-0.17632981584305119,0.30014956779170676,3,1.0
197,AAADp,cytoplasm,-0.5492279490743506,0.9525208642051783,-0.07161137594700118,1,3.0
198,AAADq,plasma membrane,8.141152703,0.8617870275314861,0.032793757055537,1,2.0
199,AAADr,cytoskeleton,-0.5502935093814705,0.9094815979640891,0.3042232627998085,4,2.0
200,AAADs,transport vesicles,-0.5490051579116724,-0.17956219438935106,-0.01915545366758664,2,1.0
201,AAADt,cytoskeleton,-0.5503129550000001,-0.36867691921911316,-0.5453058564325393,16,1.0
202,AAADu,plasma membrane,-0.5503072491226318,0.7535099769031539,0.8098817186459053,2,1.0
203,AAADv,cytoskeleton,-0.5503129550000001,-0.25416046581814544,0.03798496509221905,1,1.0
204,AAADw,ER,-0.5245182319745993,-0.31751979604168534,0.4587432333550918,1,1.0
205,AAADx,nucleus,-0.5494351529466134,0.9701173259011393,0.36312528770204944,4,1.0
206,AAADy,plasma membrane,-0.5503129138979906,-0.4407588549862033,-0.422463293958657,3,1.0
207,AAADz,nucleus,7.697791335846838,0.8162279152131706,0.6849442344498362,2,1.0
208,AAAEA,nucleus,-0.5494555429061632,0.8142907951616618,0.32546696582075807,2,1.0
209,AAAEB,plasma membrane,-0.5502283997499874,0.11337844432337207,0.3107768472281536,3,1.0
210,AAAEC,cytoskeleton,1.1015648318608824,0.9629200914263691,0.9519157778666845,5,2.0
211,AAAED,cytoplasm,-0.5503098937312456,0.2643362245438612,0.3109195603214632,11,1.0
212,AAAEE,cytoskeleton,-0.5500227108910237,-0.5955871414177607,-0.37748624296328637,4,1.0
213,AAAEF,golgi,-0.5503129436660501,-0.6556660641377903,-0.22845592855702845,8,1.0
214,AAAEG,peroxisome,-0.5494283156234165,0.7371939278781217,0.31318909325908173,2,1.0
215,AAAEH,plasma membrane,-0.4702816428855956,0.4945539896617914,0.18690929826748937,5,1.0
216,AAAEI,nucleus,-0.5503129550000001,0.9997122528085967,0.7277948549398991,2,6.0
217,AAAEJ,cytoskeleton,-0.5503129550000001,-0.22222773664054585,-0.39430148207950744,7,2.0
218,AAAEK,nucleus,1.1410266100537818,0.148858127680902,-0.04681875027932758,3,1.0
219,AAAEL,nucleus,-0.5503129550000001,0.965051949693873,0.8721410364139088,9,3.0
220,AAAEM,vacuole,-0.5162323317782119,-0.08978057868394596,0.04580117410503348,2,1.0
221,AAAEN,plasma membrane,-0.5503129550000001,0.6880543717984078,0.27214538506599295,1,1.0
222,AAAEO,mitochondria,-0.550312954726864,0.9557756416077392,0.017294190306511137,8,4.0
223,AAAEP,mitochondria,1.541891669532655,0.4360457138988467,0.2875731363168885,5,1.0
224,AAAEQ,mitochondria,-0.5503129549999992,-0.24721258655973644,-0.3447237840129411,8,4.0
225,AAAER,cytoskeleton,-0.5503113302371683,-0.03199827757303442,0.07978075005178353,1,1.0
226,AAAES,vacuole,-0.5503080666831475,0.457455234966301,0.05915339867351088,4,4.0
227,AAAET,nucleus,-0.5503129549872309,-0.4365191718190509,0.2888116615867924,4,1.0
228,AAAEU,cytoplasm,-0.5503129549999881,-0.08267010420642862,0.2644767663881997,2,1.0
229,AAAEV,mitochondria,8.141152703,0.8752688892508185,1.0,9,1.0
230,AAAEW,cytoskeleton,-0.5503129547970559,0.2618728898608338,0.4069925141856956,2,1.0
231,AAAEX,cytoplasm,-0.5503129550000001,0.8850661729281741,0.020002332349239538,10,2.0
232,AAAEY,transport vesicles,-0.5503129550000001,0.6485856471148004,0.1607244181282632,4,1.0
233,AAAEZ,mitochondria,-0.4539069245789106,0.4039961514956891,0.11419741999041921,1,2.0
234,AAAEa,cytoplasm,-0.5503128881119775,0.46452472563964986,0.30879935458919006,6,1.0
235,AAAEb,cytoplasm,-0.39606079794110693,0.952596327398334,0.1008664222980673,2,2.0
236,AAAEc,cytoplasm,-0.5503129549999998,0.9688984890268166,0.46686366094652065,4,1.0
237,AAAEd,cytoplasm,-0.5503128054145572,-0.8018553222775897,-0.7017515164499875,2,1.0
238,AAAEe,ER,-0.5503129549994643,-0.06691644494687943,0.4725069520239584,2,1.0
239,AAAEf,vacuole,-0.4859706139101537,0.31952915419791883,0.38885342427213665,4,1.0
240,AAAEg,vacuole,-0.5503129549981409,0.5473029036825714,0.5735129407796493,2,1.0
241,AAAEh,transport vesicles,-0.46867257887944475,-0.16687040123314834,0.07576687746304289,10,1.0
242,AAAEi,nucleus,-0.5503129549946252,-0.19662694212765097,-0.21678500244727283,9,2.0
243,AAAEj,cytoplasm,-0.5388072466176088,0.4579848351536093,0.6474541410258396,4,1.0
244,AAAEk,nucleus,-0.5503129549999942,-0.31625246754742453,0.15577208885419092,1,1.0
245,AAAEl,cytoplasm,-0.5495132594547935,0.4953904566842544,0.21713107505981633,1,1.0
246,AAAEm,cytoplasm,-0.057910617029707456,0.672721433818243,-0.12486571415836223,3,2.0
247,AAAEn,cytoplasm,-0.5427926363304479,0.4003765450995631,-0.15738051021124533,2,3.0
248,AAAEo,cytoskeleton,-0.5503129549999396,0.5437262143228705,0.45347542026919685,3,3.0
249,AAAEp,cytoplasm,-0.5503129549999984,0.7257521569654,0.18537141267950963,2,2.0
250,AAAEq,cytoplasm,-0.5503129549998551,0.8771325752679773,-0.06660419497235037,3,5.0
251,AAAEr,mitochondria,-0.5503129550000001,-0.03083643568736205,0.007449398079784508,12,1.0
252,AAAEs,cytoplasm,-0.5451347553443033,-0.737313269952524,-0.702252347355333,1,1.0
253,AAAEt,nucleus,-0.5503129550000001,-0.841155141618581,0.18786641460363862,3,1.0
254,AAAEu,nucleus,-0.5503129549999651,0.01645743685481682,0.001691651056484611,4,3.0
255,AAAEv,plasma membrane,-0.5503121941874508,-0.026213330541975055,-0.2062489650780004,6,1.0
256,AAAEw,peroxisome,-0.5055512020453314,0.3045202393291655,0.47939235349154163,3,1.0
257,AAAEx,plasma membrane,-0.5503129550000001,-0.08327326291092596,-0.3020635111689738,4,1.0
258,AAAEy,cytoplasm,-0.5503129485816125,0.10866627695858466,0.5288177690308551,3,1.0
259,AAAEz,cytoplasm,-0.5503129549217997,0.9464289192646791,0.40876615643159697,2,3.0
260,AAAFA,cytoskeleton,-0.5503129549419451,0.2786773378489382,-0.11825693354339584,1,2.0
261,AAAFB,mitochondria,-0.5503129550000001,0.9245078444814614,-0.14328836212119178,9,4.0
262,AAAFC,plasma membrane,-0.5503129441562167,0.20858624192467468,-0.3513527871754967,2,1.0
263,AAAFD,cytoplasm,-0.5502280057512915,0.033914879861736136,0.23964015926123272,13,1.0
264,AAAFE,cytoplasm,-0.549681972282703,0.31428677009709105,0.08536048948205521,1,1.0
265,AAAFF,cytoplasm,8.141152703,0.49211364522340983,0.011901827855237634,1,1.0
266,AAAFG,plasma membrane,-0.5503129548867906,0.8530591699077557,0.36023712664877783,8,1.0
267,AAAFH,cytoplasm,-0.5503129549999268,0.5287909357910101,0.20003446319067075,6,1.0
268,AAAFI,cytoskeleton,-0.5503129550000001,-0.1014789133619095,0.07569108330803775,3,1.0
269,AAAFJ,nucleus,-0.5503129549999992,-0.03879292801139245,-0.16002618885149245,4,6.0
270,AAAFK,cytoplasm,-0.5500181915054351,0.7610482244462575,-0.1677471007892981,5,4.0
271,AAAFL,nucleus,-0.53578573108044,0.9002496501382311,0.38231859234822707,1,2.0
272,AAAFM,cytoskeleton,4.9068093191655375,0.30928244480495803,0.16087699380708642,2,1.0
273,AAAFN,mitochondria,-0.5503129549999904,0.6188881053681401,0.23071575173670844,5,2.0
274,AAAFO,nucleus,-0.550312615578856,0.578764870023659,0.1126344082509001,1,1.0
275,AAAFP,vacuole,4.29456271106441,0.2830590329978311,0.01817046828724167,5,1.0
276,AAAFQ,nucleus,-0.5503107334892465,0.8790664468875058,0.7873657941791223,3,1.0
277,AAAFR,plasma membrane,-0.549367634023476,0.9605089104292877,0.350746011122292,2,1.0
278,AAAFS,cytoskeleton,-0.5503105928880729,0.5310792700514573,0.6061178813860093,3,1.0
279,AAAFT,peroxisome,-0.5503125094948238,-0.48516883808807654,0.6084113656992631,5,1.0
280,AAAFU,nucleus,-0.5467078271397389,0.9165563333772682,0.3376776070135996,6,2.0
281,AAAFV,integral membrane,-0.5498001741519786,-0.6254974354462393,-0.2743043923786568,1,1.0
282,AAAFW,cytoplasm,-0.5395399290380488,0.06541946854560277,0.40496170237745277,11,1.0
283,AAAFX,cytoplasm,-0.5497251262686418,0.6527678018989598,0.792530609646136,6,2.0
284,AAAFY,vacuole,-0.5503129550000001,-0.45757629343756673,-0.3404015835474514,2,2.0
285,AAAFZ,cytoskeleton,-0.5503129550000001,-0.05715456782250994,-0.21403323357001325,3,1.0
286,AAAFa,mitochondria,-0.5503129360562358,-0.11770720098075171,-0.1195707057643074,2,1.0
287,AAAFb,nucleus,-0.5503129549999997,0.15078836410819574,-0.18783851445570443,10,2.0
288,AAAFc,cytoskeleton,-0.5469953678185931,0.8594649441201694,0.2964701736033377,8,2.0
289,AAAFd,cytoplasm,-0.5503129549815873,0.3423825630683841,0.08982828045722813,2,1.0
290,AAAFe,cytoplasm,-0.5503129462273124,0.4249727739719351,-0.21533842955820748,10,1.0
291,AAAFf,plasma membrane,-0.5503129549999911,0.06605718755484802,0.20259857687873684,3,3.0
292,AAAFg,cytoskeleton,-0.5503129550000001,-0.7162076458673805,0.12075911834575814,3,1.0
293,AAAFh,mitochondria,-0.5503129400984565,0.38354129725537756,-0.2566116434467478,3,2.0
294,AAAFi,cytoskeleton,-0.5503129550000001,-0.23604144084783163,-0.24482840353545976,14,1.0
295,AAAFj,cytoskeleton,-0.5501714792216301,0.715684720376399,0.7485144270562474,1,1.0
296,AAAFk,cytoskeleton,-0.5503129550000001,-0.5567071692733132,-0.5173762709249266,12,1.0
297,AAAFl,cytoplasm,-0.5503129550000001,0.8387828766184817,0.33926443826643027,1,3.0
298,AAAFm,cytoskeleton,-0.5502164547873281,0.5779212424252631,-0.08187502676496816,4,2.0
299,AAAFn,cytoskeleton,-0.46981038461336955,0.7653547647855399,0.6954136727123159,1,1.0
300,AAAFo,ER,-0.55031217309048,-0.5864414670247721,-0.3112365533482009,1,1.0
301,AAAFp,plasma membrane,8.086282595357966,0.8073044828723588,0.9405090517525907,9,1.0
302,AAAFq,cytoskeleton,-0.5503129549978644,-0.8190591581382047,-0.9428436978098006,4,1.0
303,AAAFr,mitochondria,-0.5503129436462578,0.7872896874243156,0.4638312821387185,2,1.0
304,AAAFs,cytoplasm,-0.5503129549998962,-0.5578565308752176,-0.15715731601254967,4,1.0
305,AAAFt,nucleus,-0.550264515893169,-0.23244813390575758,-0.23787175101752722,2,1.0
306,AAAFu,nucleus,-0.5503129549999949,0.7511498627422182,0.0640829872099491,10,2.0
307,AAAFv,cytoplasm,8.141152703,0.671092431563056,0.6677014402113257,4,1.0
308,AAAFw,nucleus,-0.5503129550000001,0.2953059178457196,0.5063871575855226,9,1.0
309,AAAFx,cytoskeleton,-0.5441408748510922,0.5666117628848144,0.5615923443504061,3,1.0
310,AAAFy,golgi,-0.522358660689992,0.9030387862652876,0.2942048877651646,4,3.0
311,AAAFz,cytoskeleton,-0.5503128403855059,-0.044994668442347896,-0.35308806478834365,13,1.0
312,AAAGA,plasma membrane,-0.5503129549999992,-0.10938849184611021,-0.5701694258409382,4,1.0
313,AAAGB,vacuole,-0.5503129550000001,0.8510509473753018,-0.06177515351450613,8,5.0
314,AAAGC,nucleus,-0.5503129545566141,-0.801544834325417,-0.1269584923729954,8,1.0
315,AAAGD,cytoplasm,-0.5503129549999634,-0.7314915113424972,-0.3751073227851951,2,1.0
316,AAAGE,cytoplasm,-0.5503129132370771,0.543274685353573,-0.06330282173999335,2,1.0
317,AAAGF,nucleus,-0.3535108303247709,0.8979814161385027,0.27469830922383087,2,1.0
318,AAAGG,ER,-0.5503129206078422,0.6461633141187282,0.24232360386567153,8,1.0
319,AAAGH,nucleus,-0.5503124492708683,-0.40568762228259436,0.12316477476351562,16,1.0
320,AAAGI,ER,-0.5503129549982131,0.2524941031810193,0.43679321750150724,8,1.0
321,AAAGJ,mitochondria,-0.5503129550000001,-0.6278892434397793,-0.5035567824934271,2,1.0
322,AAAGK,mitochondria,0.00010204855694162518,0.26631480171655286,0.6475502619105606,2,1.0
323,AAAGL,cytoskeleton,-0.5495901779468481,0.7572924193495576,0.07703652836317354,2,1.0
324,AAAGM,cytoskeleton,-0.5503129550000001,-0.5689944765347665,-0.11816138894881623,6,1.0
325,AAAGN,plasma membrane,-0.5503128664792739,0.23272240888721485,-0.031089957043669347,1,1.0
326,AAAGO,nucleus,0.1807143040149527,0.4841393903147031,-0.15798064241925291,1,1.0
327,AAAGP,endosome,-0.5503129549998383,0.8299429206700837,0.4515473924001392,8,1.0
328,AAAGQ,mitochondria,-0.5502149173903237,-0.5075039624934232,-0.5466355668771057,10,2.0
329,AAAGR,cytoplasm,-0.5503097218125028,0.977192566230384,0.5871676458411632,12,3.0
330,AAAGS,cytoskeleton,-0.550307007434599,0.23417690619408504,-0.31035842654960266,4,1.0
331,AAAGT,ER,-0.5503054068942357,-0.178142283492566,0.012014300539295197,7,2.0
332,AAAGU,cytoskeleton,-0.5503034883004184,-0.15443184174635494,-0.3162592815366172,10,1.0
333,AAAGV,plasma membrane,-0.48351483362290226,0.1841362352751723,0.9984524841303393,1,1.0
334,AAAGW,cytoskeleton,-0.49947696082214277,0.6115405024770646,-0.03795778184174203,3,1.0
335,AAAGX,cytoplasm,-0.4990249803657154,0.48414970899514054,0.19977871574226835,6,1.0
336,AAAGY,cytoskeleton,-0.5503129550000001,0.4056090851301075,0.48986042370799154,5,1.0
337,AAAGZ,cytoskeleton,7.16795108720854,0.9014040977819373,0.6401178619141543,9,2.0
338,AAAGa,ER,-0.5503129550000001,0.5835093679400543,0.30080867066874983,1,2.0
339,AAAGb,plasma membrane,8.141152703,0.4385928483193162,0.31539018185488565,3,3.0
340,AAAGc,cytoskeleton,-0.06419525095391138,0.9185390079773843,1.0,2,1.0
341,AAAGd,cytoplasm,-0.5503129549879607,0.14525681405194835,0.6249137342122348,6,1.0
342,AAAGe,mitochondria,-0.5502380691078177,0.000793526953161594,-0.42790750499115493,1,2.0
343,AAAGf,cytoskeleton,3.859162847650982,0.10400080073500906,0.3252434229988981,3,1.0
344,AAAGg,cytoplasm,-0.5503129549996976,0.7341727384709054,-0.06045505354662528,7,1.0
345,AAAGh,nucleus,-0.5425191069998239,-0.6746705226695469,-0.22674887820558398,2,1.0
346,AAAGi,plasma membrane,-0.5503129548296237,0.2829530886775933,-0.4671625115232494,2,1.0
347,AAAGj,endosome,-0.5502616068881815,0.3122539573528995,-0.6198649191755807,10,1.0
348,AAAGk,nucleus,-0.5503129549999987,0.32959416311087075,0.4095987410240025,1,1.0
349,AAAGl,vacuole,-0.5503129413613194,0.5203970812862562,0.2978088051166501,1,1.0
350,AAAGm,nucleus,-0.1395949698489165,0.8690836595685114,0.37561062881198426,12,1.0
351,AAAGn,cytoskeleton,-0.5503129540035779,-0.08930133461022283,-0.11596907301249382,15,1.0
352,AAAGo,nucleus,-0.5503129516244549,-0.2408242186176639,-0.3324271559308918,3,1.0
353,AAAGp,nucleus,0.34899733605538963,0.23705070479621626,0.5190978518993306,4,1.0
354,AAAGq,nucleus,-0.5503129549957368,0.6303446220591409,0.12074623123964479,2,1.0
355,AAAGr,nucleus,-0.5503129541781676,0.7506595794509423,0.2958829122307707,23,3.0
356,AAAGs,cytoskeleton,-0.5503129550000001,-0.8767678285001174,-0.768874989480796,2,1.0
357,AAAGt,nucleus,-0.5503129549247047,0.30596788899355487,0.4520058013098782,10,1.0
358,AAAGu,nucleus,-0.550312954997617,0.602387064088,0.07164804756573284,1,2.0
359,AAAGv,nucleus,-0.5503129550000001,-0.2089507712249964,-0.2265163208656702,2,1.0
360,AAAGw,cytoplasm,4.2324529684599055,-0.00810683856832961,0.8166217536316309,13,1.0
361,AAAGx,cytoskeleton,-0.5503129550000001,0.3888611368240378,-0.513184847943329,2,1.0
362,AAAGy,nucleus,8.141152703,0.015644934113019593,0.11717324763258619,6,1.0
363,AAAGz,nucleus,-0.5503129550000001,0.723557176374376,-0.16085324485333907,2,1.0
364,AAAHA,cytoplasm,-0.5503129549998806,0.557188834936688,0.04926485823138105,9,1.0
365,AAAHB,vacuole,-0.5496553696996959,0.6242350757756492,0.2800681159225169,7,1.0
366,AAAHC,cytoskeleton,-0.5503129550000001,-0.3382621595089954,0.1498182348918169,1,1.0
367,AAAHD,cytoplasm,-0.5503129549999806,0.5173521049687495,-0.14790440079012757,4,3.0
368,AAAHE,cytoplasm,-0.5503129545808495,0.4536706343830097,0.7363525539682954,3,2.0
369,AAAHF,nucleus,-0.5503129550000001,0.3529361227675125,0.055872004249538865,1,1.0
370,AAAHG,ER,-0.5503129543769822,0.15987839021796102,0.1903610947076353,10,1.0
371,AAAHH,nucleus,-0.5503129550000001,0.013050980705094695,-0.44141390175997586,4,2.0
372,AAAHI,nucleus,-0.5494327590448392,0.770403318744254,0.06014701011558765,5,1.0
373,AAAHJ,cytoplasm,0.9309672395606163,0.862130279623776,0.7232901290247411,7,1.0
374,AAAHK,vacuole,-0.4032956886281028,0.1719946698110053,-0.008055878298162567,2,1.0
375,AAAHL,golgi,-0.5503127690444901,0.4113641475971792,-0.07249397631879151,3,1.0
376,AAAHM,plasma membrane,-0.5503129333042288,0.8021893197219585,0.497507541447054,4,1.0
377,AAAHN,plasma membrane,-0.5503129549999627,0.8422186663500464,0.028840539978032487,10,3.0
378,AAAHO,cytoplasm,-0.5502772390198476,-0.5593176262822025,-0.04717567643315235,3,1.0
379,AAAHP,plasma membrane,-0.5503129550000001,0.1187146960464891,-0.41899625828879805,3,1.0
380,AAAHQ,cytoskeleton,-0.5503129550000001,0.6659936022401096,0.1316588495609623,1,4.0
381,AAAHR,ER,-0.5497849086608628,0.12299974873692432,0.3930422556848501,2,1.0
382,AAAHS,cytoskeleton,-0.5456870265879945,0.4838636020724707,0.06303282317898429,5,1.0
383,AAAHT,plasma membrane,-0.5503129549965322,-0.5509194901151083,0.1774188726021695,3,1.0
384,AAAHU,ER,6.315645762798241,0.7842947194618168,0.6443987479542237,7,1.0
385,AAAHV,cytoplasm,-0.5503129550000001,0.3279155774668876,-0.2958257121193377,8,2.0
386,AAAHW,cytoskeleton,-0.5503129322321245,-0.06741696567081212,0.17278641159305952,5,1.0
387,AAAHX,nucleus,-0.5503129550000001,0.39353954586083906,-0.37176007333363836,3,2.0
388,AAAHY,cytoplasm,-0.550312932191613,0.429182414927207,0.040159948590091865,6,2.0
389,AAAHZ,cytoplasm,-0.3772315663543017,0.29089903788021676,0.2672278338426217,2,1.0
390,AAAHa,plasma membrane,-0.5503129549996254,-0.187316393351043,-0.20540330494492465,3,1.0
391,AAAHb,plasma membrane,-0.5503101665358237,0.2399695590183042,-0.13132362483422444,2,2.0
392,AAAHc,ER,-0.550312954102881,0.7817829142112374,-0.22552996215994758,5,2.0
393,AAAHd,cytoplasm,-0.3828894418297659,0.7490527670242633,0.21120591060300065,2,1.0
394,AAAHe,plasma membrane,-0.5503129550000001,0.016002801542572165,-0.21582219217519283,1,1.0
395,AAAHf,vacuole,-0.5321700033735077,0.9475058806132282,0.4383854439397985,3,1.0
396,AAAHg,vacuole,-0.49082006683112633,0.516983224671631,0.2935175398930894,1,2.0
397,AAAHh,ER,0.7288897861863048,0.95587132061981,0.28789769876120097,4,2.0
398,AAAHi,ER,-0.5503129549992257,0.0645806730705979,0.4582973804115138,2,1.0
399,AAAHj,cytoskeleton,-0.5503128580548231,0.9746293441020857,0.5509895053392562,7,2.0
400,AAAHk,cytoplasm,-0.5503129550000001,0.08613377011016077,-0.46696212962943173,1,1.0
401,AAAHl,ER,8.141152703,-0.14179922173409276,0.4230316948222006,2,1.0
402,AAAHm,cytoskeleton,-0.5503129549999998,0.40723624130849156,0.6185371769377048,5,1.0
403,AAAHn,nucleus,-0.52042757414168,0.8736112014657604,0.19677382568639157,9,3.0
404,AAAHo,transport vesicles,-0.5503129549909438,0.9006112818433101,0.5585724734582147,3,5.0
405,AAAHp,vacuole,-0.464625023635462,-0.2951559713742553,0.39282928710814247,2,1.0
406,AAAHq,nucleus,-0.5502671793153,0.9521951048934107,0.8172012578932932,7,4.0
407,AAAHr,nucleus,-0.5503129549878083,0.10359969972570093,0.19165037949016694,2,1.0
408,AAAHs,cytoplasm,-0.5503129549999989,0.961862911876169,0.5252412532777857,1,1.0
409,AAAHt,cytoskeleton,-0.5503129550000001,-0.12023500707178669,-0.4966616350956845,2,1.0
410,AAAHu,extracellular,-0.5503129550000001,0.26555484473940627,-0.3775790250551927,2,1.0
411,AAAHv,cytoskeleton,-0.4464506002898623,0.49306713213301,0.24632177410970924,4,1.0
412,AAAHw,cytoskeleton,-0.5398247676008311,0.563332149727116,0.3886666238055012,2,1.0
413,AAAHx,plasma membrane,-0.5503129549262572,-0.6558566836888623,-0.13556595400408633,5,3.0
414,AAAHy,cytoskeleton,-0.5494133037485947,0.00885704226503381,0.5293534926782382,5,1.0
415,AAAHz,golgi,-0.544548434340235,0.9444547597723583,0.45217651978211126,11,1.0
416,AAAIA,nucleus,-0.5503122437081932,-0.35291544629475513,-0.10787904551405747,2,1.0
417,AAAIB,cytoplasm,-0.41613918790570903,0.4679291902461158,0.4364362137433857,10,1.0
418,AAAIC,cytoskeleton,-0.5503129504254242,0.923775416625644,0.12051652118313116,6,1.0
419,AAAID,nucleus,-0.5433990679049394,0.8865010042782475,-0.044684319679053175,3,2.0
420,AAAIE,cytoplasm,-0.550312954974753,0.8924511888479678,0.3087258404501596,3,3.0
421,AAAIF,cytoskeleton,-0.5503129488847195,-0.17600804996166175,0.16481965739367377,1,2.0
422,AAAIG,nucleus,-0.5503129549993561,0.728829901655194,0.6509087115355174,12,2.0
423,AAAIH,cytoskeleton,-0.5503129550000001,0.9438855685485621,0.3794856399185531,2,2.0
424,AAAII,plasma membrane,-0.5503129550000001,-0.16676830099978035,-0.030861771430038543,1,1.0
425,AAAIJ,cytoplasm,-0.46288596347673827,-0.2413950090596314,0.6625002274023748,1,1.0
426,AAAIK,cytoplasm,-0.5503055215858084,0.20685365133685463,0.1466149661009135,3,1.0
427,AAAIL,cytoplasm,-0.5503129550000001,0.5675466674693814,-0.42157001028709407,5,2.0
428,AAAIM,plasma membrane,-0.5503129550000001,0.3103781039948117,-0.4763880451574809,3,1.0
429,AAAIN,ER,-0.5503129549996942,-0.11402866994979988,-0.3663201762373096,2,1.0
430,AAAIO,transport vesicles,-0.5503129550000001,0.6595754429351512,0.35395902284652747,4,3.0
431,AAAIP,integral membrane,-0.5503129549839956,-0.499000894198903,-0.30173312324348234,4,1.0
432,AAAIQ,cytoskeleton,-0.5503129453225585,0.3199440536997953,-0.014703792279912475,16,1.0
433,AAAIR,cytoplasm,-0.48888121398891143,0.771146512535789,0.7544681265854178,6,1.0
434,AAAIS,cytoplasm,-0.18478222323641835,0.23294609942270927,0.16920980835503618,3,2.0
435,AAAIT,cytoplasm,-0.5493872526580712,0.14718935711888337,0.4994168863926487,5,1.0
436,AAAIU,cytoskeleton,0.6982180427587799,0.6830651366944402,0.9188443481651749,2,1.0
437,AAAIV,cytoskeleton,-0.5503129195200708,0.5222677094688064,-0.4407261146186874,7,1.0
438,AAAIW,cytoplasm,-0.5497237686120489,-0.010749570218405502,0.3167348992975487,15,1.0
439,AAAIX,cytoplasm,-0.5503129550000001,0.7626889384224294,-0.5916134933433774,7,2.0
440,AAAIY,nucleus,-0.5502727060225813,0.6475868976536869,0.2870239781264572,2,1.0
441,AAAIZ,mitochondria,-0.5503129550000001,0.6261094244052292,-0.10832390343609877,8,1.0
442,AAAIa,nucleus,-0.5503129549977643,-0.5236140889002512,-0.1986288813135737,3,1.0
443,AAAIb,vacuole,-0.5275411792190489,0.601319879752513,0.14537922875611553,1,1.0
444,AAAIc,cytoskeleton,-0.550312955,0.2729276688425053,0.4560329633844824,10,1.0
445,AAAId,plasma membrane,-0.5416936530413986,-0.11554458107414278,-0.058733506200672414,1,1.0
446,AAAIe,cytoskeleton,-0.550312954994518,-0.506090662005777,-0.4933895618167783,6,1.0
447,AAAIf,cytoskeleton,-0.4081652120643129,0.31042023372799954,0.5224169479996945,2,1.0
448,AAAIg,cytoskeleton,1.1755483922599157,0.4628709796433925,0.7027469357545453,1,1.0
449,AAAIh,nucleus,-0.5503129550000001,-0.3989016427650043,-0.3035843800636533,8,1.0
450,AAAIi,mitochondria,-0.5503129550000001,0.47432882966705314,-0.3196693890032354,1,2.0
451,AAAIj,cytoplasm,-0.5503129549997134,0.6868890401585552,0.23388507949060156,10,2.0
452,AAAIk,vacuole,-0.545884831543001,0.92267218732511,0.9404885057978882,18,2.0
453,AAAIl,cytoplasm,-0.5503128688646736,0.8404054974834816,0.3789663385028792,2,9.0
454,AAAIm,cytoskeleton,-0.550312955,0.054442754055452514,-0.31186651824619593,2,1.0
455,AAAIn,peroxisome,-0.550312666072249,0.35159802952459107,-0.22071968886226512,3,1.0
456,AAAIo,mitochondria,-0.5503129549999933,-0.6956952453833312,-0.45655460110849466,4,1.0
457,AAAIp,cytoplasm,3.384976640589281,0.4656350211744589,0.26706927458212393,4,1.0
458,AAAIq,vacuole,-0.5503129543570328,0.3116336678281826,-0.24696600462051355,6,2.0
459,AAAIr,endosome,-0.5503129549999964,-0.16664325664932467,-0.0739774467769474,6,1.0
460,AAAIs,plasma membrane,1.7057163440052758,0.7424046605577148,0.4926649864598436,14,2.0
461,AAAIt,cytoskeleton,-0.5503053546989738,0.46618508969123873,-0.1732272612394785,7,1.0
462,AAAIu,plasma membrane,-0.550312955,0.2637574763410606,-0.1307122368125777,1,3.0
463,AAAIv,cytoskeleton,-0.5503129549999997,0.9746502834471342,0.25442671104311465,2,4.0
464,AAAIw,ER,-0.5132355955145337,0.9852161427162969,-0.051630088331577006,2,9.0
465,AAAIx,cytoskeleton,-0.5503129549970556,-0.08230090157282777,0.32211658980320035,6,1.0
466,AAAIy,cytoskeleton,-0.5496435534096328,0.09010589031605098,0.01885600512079333,4,1.0
467,AAAIz,ER,-0.5503129549999937,0.5883397709029832,-0.16090291841709647,4,1.0
468,AAAJA,cytoplasm,4.818546606804262,0.8461414684192508,0.687384379978826,4,2.0
469,AAAJB,ER,-0.5503129550000001,-0.6254546112317791,-0.39214844431091644,3,1.0
470,AAAJC,cytoskeleton,-0.5503129549999791,0.049337243163244615,-0.2216902769833693,4,1.0
471,AAAJD,plasma membrane,-0.5502258404422509,0.46334220503455925,0.20344808966519867,8,1.0
472,AAAJE,mitochondria,-0.373507005582828,-0.4404425877078557,-0.029374562113234193,5,1.0
473,AAAJF,vacuole,8.141152703,0.9224938643272553,0.88714807308369,2,2.0
474,AAAJG,cytoskeleton,-0.5467560817488976,-0.3192063181528253,-0.36674824065074385,5,1.0
475,AAAJH,nucleus,-0.3142119194323553,0.9334205525340273,0.3242595249314122,2,2.0
476,AAAJI,nucleus,-0.5502091531988209,-0.2783121533156422,-0.19355937767997866,4,1.0
477,AAAJJ,nucleus,-0.4928625497339558,0.08858485514030878,-0.11011602920187791,1,1.0
478,AAAJK,cytoplasm,-0.5503129550000001,0.9294148813393439,0.18169592247624244,2,2.0
479,AAAJL,cytoskeleton,-0.550311626449293,0.41102126953365326,-0.5419043946405855,6,2.0
480,AAAJM,cytoplasm,-0.5503129549999989,0.43580627689523466,-0.2133748207161179,1,1.0
481,AAAJN,cytoplasm,-0.5503031800356227,-0.4822769483408533,-0.4988115395395636,3,1.0
482,AAAJO,mitochondria,-0.5502912688232194,-0.10417675967209528,0.3625129625425738,2,1.0
483,AAAJP,mitochondria,8.141152703,0.9221310843633035,0.6602547796941916,10,1.0
484,AAAJQ,cytoplasm,-0.5503129549999796,-0.5431358053668212,0.27582601074704627,2,1.0
485,AAAJR,integral membrane,-0.5503128850975101,0.4301890384205469,0.4871385922979581,4,1.0
486,AAAJS,cytoplasm,-0.550312947456174,0.3334449537705546,-0.20827486347444335,6,3.0
487,AAAJT,mitochondria,-0.5503126761983166,0.14508692216632046,0.35428150173659434,10,1.0
488,AAAJU,nucleus,-0.5503129550000001,-0.3360793921881766,-0.43290427635991713,6,1.0
489,AAAJV,golgi,-0.5398421383843507,0.577987834963049,0.19345698444282666,4,1.0
490,AAAJW,vacuole,-0.5503129550000001,0.15421488862649912,-0.18254405185802192,1,1.0
491,AAAJX,cytoskeleton,-0.074195245376798,0.6502205625637101,0.15483232039282813,5,2.0
492,AAAJY,cytoskeleton,-0.5503062273404197,0.9664838734138608,0.3946510009017534,2,2.0
493,AAAJZ,cytoskeleton,-0.5491269700648336,-0.1811778526372424,0.08385635495723154,1,1.0
494,AAAJa,integral membrane,4.998614576194953,0.6289836577558379,0.495573631821812,4,1.0
495,AAAJb,plasma membrane,-0.5503115665349334,0.23046073501301279,-0.23706700303362105,3,3.0
496,AAAJc,mitochondria,2.353694922864757,0.9765853216816405,0.6692623882142081,2,2.0
497,AAAJd,plasma membrane,-0.5251715008184723,0.11583462452238402,-0.029707194902133693,8,1.0
498,AAAJe,cytoplasm,-0.5503129549663522,0.6082969268536644,-0.14455012007775525,8,1.0
499,AAAJf,cytoplasm,-0.5503129550000001,-0.5228735594002962,-0.2842247412860013,2,1.0
500,AAAJg,mitochondria,-0.5306287637615639,0.811430653735195,0.5123277114895322,7,2.0
501,AAAJh,cytoskeleton,-0.5503129550000001,-0.6438270283984826,-0.5694533002295745,6,1.0
502,AAAJi,nucleus,-0.5503129549999995,0.4523710432916612,0.15642380117944432,7,1.0
503,AAAJj,mitochondria,-0.5503129550000001,0.3767477754471307,0.12436485866949809,3,1.0
504,AAAJk,plasma membrane,-0.5503129550000001,0.1098150020504487,0.2847113100341696,2,1.0
505,AAAJl,mitochondria,4.542606292732079,-0.3469334213224172,0.23919070016614574,2,1.0
506,AAAJm,plasma membrane,-0.5503129547263615,0.3823977283816009,-0.50916697563317,16,1.0
507,AAAJn,nucleus,-0.5503121708235492,0.9468662918297053,0.414756474839304,3,1.0
508,AAAJo,nucleus,-0.550312955,-0.22498512464283926,-0.7061999369201042,16,2.0
509,AAAJp,mitochondria,-0.5501120457744773,0.9902873711216007,1.0,5,2.0
510,AAAJq,plasma membrane,-0.5502193503401562,0.8229510732839254,0.5582923525978503,10,1.0
511,AAAJr,mitochondria,-0.5503129545434426,0.46601968474724154,0.4382559350980402,7,1.0
512,AAAJs,mitochondria,-0.5503059228985784,0.5477269953630062,0.0716166139283585,5,2.0
513,AAAJt,integral membrane,-0.5503129084594149,0.4198701175124109,-0.19557268316212695,4,1.0
514,AAAJu,cytoplasm,5.475264302007951,0.9293135933794765,0.9272136039021817,2,2.0
515,AAAJv,cytoplasm,-0.488700445187075,0.278496629818771,0.44353381456552965,2,3.0
516,AAAJw,cytoskeleton,-0.5502338721549972,0.7400020173149442,-0.08157352401253015,5,1.0
517,AAAJx,nucleus,-0.5493075613923888,0.8304520309566839,0.468368970149287,1,1.0
518,AAAJy,cytoplasm,-0.5503113749219778,0.6635932056801952,0.4276084294333238,7,1.0
519,AAAJz,vacuole,-0.05636711662797511,0.9556098992701549,-0.06800764684318072,5,1.0
520,AAAKA,mitochondria,-0.5503129549999891,0.22165969282201914,0.2505250258113123,2,1.0
521,AAAKB,cytoplasm,0.06415674401955751,0.4923470822563438,-0.2769394605683657,5,2.0
522,AAAKC,cytoskeleton,-0.5387659611875019,0.7211058970032815,0.4376798183732342,5,1.0
523,AAAKD,cytoplasm,-0.5503129548580981,0.8788549575395805,-0.24515544290196112,3,4.0
524,AAAKE,plasma membrane,-0.5503129540830912,0.030292412740985264,0.3725596563508988,2,1.0
525,AAAKF,nucleus,-0.5503129524742212,0.8588537796001772,0.6981993478729107,4,1.0
526,AAAKG,mitochondria,-0.5503129144131518,-0.4976098167172352,-0.1938859012887384,3,1.0
527,AAAKH,mitochondria,-0.5120934344272906,0.8662062339842433,0.19869749223513766,4,2.0
528,AAAKI,cytoplasm,2.430330688534367,0.7026991846878272,0.727897850492933,2,1.0
529,AAAKJ,nucleus,-0.5503128829347483,0.654142605385369,0.9635586228534323,1,1.0
530,AAAKK,ER,-0.5503129550000001,-0.48590044854353254,-0.526988248960899,5,1.0
531,AAAKL,plasma membrane,-0.5503129549999997,0.5139803538137482,0.5751378005404169,6,1.0
532,AAAKM,cytoskeleton,-0.550312954998905,-0.19523190699160453,-0.2673104708956875,6,1.0
533,AAAKN,cytoskeleton,-0.5484579925117268,0.26075120164936116,0.16922352489319747,2,1.0
534,AAAKO,cytoskeleton,8.141152703,0.8521727878898222,0.3973123713309623,1,1.0
535,AAAKP,nucleus,-0.550312954829014,0.22962420658433147,-0.20992367593282135,2,2.0
536,AAAKQ,nucleus,-0.5503129549970946,-0.005251654493537483,-0.14969394636295097,3,1.0
537,AAAKR,cytoplasm,0.321439430148019,0.35962799497950626,0.4040833996590849,6,3.0
538,AAAKS,ER,1.9069515865658386,0.982712555493394,0.8006225002406642,11,3.0
539,AAAKT,plasma membrane,-0.5503129550000001,-0.8167640984656432,-0.4931596314992728,6,1.0
540,AAAKU,cytoplasm,-0.5193010353691979,0.5037116054123771,0.044104168890316986,4,1.0
541,AAAKV,plasma membrane,-0.5479956192671092,0.6027094296789974,0.20024345059649473,11,2.0
542,AAAKW,cytoskeleton,-0.5503129138788672,0.5314744822920938,-0.33763305331433835,2,3.0
543,AAAKX,plasma membrane,-0.5503129549938837,0.2749474504268443,0.06582104663468158,5,1.0
544,AAAKY,cytoplasm,0.12212716502310772,0.2769211580647619,0.06684475819682878,13,1.0
545,AAAKZ,cytoplasm,-0.5503129440397427,-0.08433681982990748,0.061050126839397034,8,1.0
546,AAAKa,cytoskeleton,-0.5503129549999075,0.7125233265025079,0.18717092759956033,3,1.0
547,AAAKb,plasma membrane,-0.5503129549988829,0.05290370287738089,0.35250489034285426,2,1.0
548,AAAKc,cytoplasm,-0.5500822828853943,-0.1662849952187344,-0.14392840755793412,5,1.0
549,AAAKd,plasma membrane,-0.5503127788526925,-0.11394506160716944,0.021848552946934552,3,1.0
550,AAAKe,cytoskeleton,6.585333750350157,0.8479740541736036,0.2765253112095074,1,1.0
551,AAAKf,plasma membrane,0.9086307184851385,0.6561744464692216,0.4151156529729847,4,1.0
552,AAAKg,cytoplasm,-0.5497708836609303,-0.06645244569685083,-0.05007917172902765,10,1.0
553,AAAKh,nucleus,-0.5206246416651955,0.41007615007072284,0.6439551693172589,1,2.0
554,AAAKi,cytoskeleton,-0.5502914777772924,-0.24384389265639206,-0.2999057449637521,3,2.0
555,AAAKj,plasma membrane,-0.5503129550000001,-0.8994048547986981,-0.8020847675674208,2,1.0
556,AAAKk,nucleus,8.141152703,0.3558086711115993,0.351903064781939,9,1.0
557,AAAKl,vacuole,-0.5503129423475634,-0.5768071303766116,-0.23853760856607198,3,1.0
558,AAAKm,plasma membrane,-0.550312954999997,0.6770401108477913,0.22917697414977178,4,1.0
559,AAAKn,mitochondria,-0.4696727514321882,0.5540936663121301,-0.2403625939037739,3,2.0
560,AAAKo,plasma membrane,-0.5477491363321053,0.859754003649362,0.7509367330230203,14,2.0
561,AAAKp,nucleus,-0.30737454128375685,-0.11512188237614152,0.20872900475666878,5,1.0
562,AAAKq,peroxisome,-0.5503129549999818,0.8287219622720803,-0.35413576739714325,4,2.0
563,AAAKr,vacuole,-0.5502723093572637,0.3836048373201182,0.17732820151365747,1,1.0
564,AAAKs,nucleus,-0.5503128466095456,0.6603607766454092,0.3639122720479113,6,2.0
565,AAAKt,cytoplasm,-0.5337720737305515,0.9956927223988767,0.5085164362505705,15,4.0
566,AAAKu,vacuole,-0.5503129550000001,-0.2855815779618509,-0.04633237744452834,2,1.0
567,AAAKv,cytoskeleton,-0.4960463763361969,0.48018355609047103,0.23803214822451846,2,1.0
568,AAAKw,cytoplasm,-0.5499628447363988,-0.019796355704597368,0.26217407286033856,3,1.0
569,AAAKx,mitochondria,-0.5487252894208386,0.5719477961247297,-0.14091241690626322,1,4.0
570,AAAKy,golgi,8.141152703,0.5156394583647996,0.5828373449905646,1,1.0
571,AAAKz,plasma membrane,-0.5503129549999987,-0.12769268697646197,0.2565177464742887,15,1.0
572,AAALA,nucleus,-0.5503129550000001,-0.5322447411022779,-0.7655176836659794,2,1.0
573,AAALB,cytoplasm,-0.0858781883555646,-0.13428782302436137,0.37372400410619777,5,1.0
574,AAALC,cytoskeleton,-0.5503129549307821,0.010070439970727096,-0.32184948287922754,1,2.0
575,AAALD,mitochondria,-0.5503129549961531,-0.7609543349704916,-0.07748958778204362,7,1.0
576,AAALE,cytoskeleton,-0.5503024741022488,0.5925102677891287,0.08195318317653766,8,1.0
577,AAALF,mitochondria,-0.5503129550000001,-0.5724277445587834,-0.13127489928454028,25,2.0
578,AAALG,transport vesicles,-0.5503129550000001,0.9183899774909108,0.20567697342645053,1,2.0
579,AAALH,cytoskeleton,-0.550312954886387,0.6179227063794064,0.4722782019268825,2,1.0
580,AAALI,cytoplasm,1.8814838734381654,0.3008000305948779,0.30089614491305827,3,1.0
581,AAALJ,plasma membrane,8.141152703,0.19628045030938002,0.5939614668526865,9,1.0
582,AAALK,mitochondria,-0.5503129549951813,0.5787322465844849,0.3778677612846155,3,2.0
583,AAALL,cytoskeleton,-0.5503129335031056,-0.19189259878198417,0.08349154997653008,4,1.0
584,AAALM,cytoskeleton,-0.5503128003079933,0.7494614698225317,0.12726276350009424,2,1.0
585,AAALN,vacuole,-0.5503129550000001,0.6533365647274909,0.19206318097891684,2,1.0
586,AAALO,cytoplasm,-0.5503129497227224,0.2757879395374023,-0.08893354907440454,2,2.0
587,AAALP,cytoskeleton,-0.2534779936233158,0.8410335396463104,0.6700931484023473,7,2.0
588,AAALQ,cytoplasm,-0.5502643984054516,0.5933906922624554,-0.05615250134489669,2,1.0
589,AAALR,cytoplasm,-0.5503127027450628,0.7546890406514479,0.1337637976947339,3,3.0
590,AAALS,cytoskeleton,-0.5503126128005805,0.8700713823418984,0.36703674368161376,4,2.0
591,AAALT,cytoskeleton,-0.5503129549815204,0.6547108451205981,0.5959212347134799,3,1.0
592,AAALU,cytoplasm,-0.5503116330297804,-0.3432187878452475,0.13286709923701867,3,2.0
593,AAALV,plasma membrane,-0.5503129549986927,0.36101616368824074,0.055314810001032555,2,1.0
594,AAALW,mitochondria,-0.5498143420836942,0.8956079029669188,0.42458662339030084,7,1.0
595,AAALX,transport vesicles,-0.5503129550000001,0.7737264345505217,0.008426688206339739,4,2.0
596,AAALY,mitochondria,-0.4119002865271862,0.24461326718167475,0.008416800833784599,5,2.0
597,AAALZ,cytoskeleton,-0.5503129549973513,0.9875314778515478,0.20655297260719463,7,3.0
598,AAALa,cytoplasm,-0.5503129549999952,0.1351478035018605,0.07395226558023471,15,1.0
599,AAALb,cytoskeleton,-0.5503129549997432,-0.8727885921562683,0.10622572346009451,3,1.0
600,AAALc,plasma membrane,-0.5503059646785468,0.40020583161214507,0.3845919912864906,2,1.0
601,AAALd,vacuole,-0.5503129550000001,0.46007661455179094,-0.3705305028564263,6,5.0
602,AAALe,transport vesicles,-0.5503086398379265,0.6286738643273488,-0.3665137230971851,4,2.0
603,AAALf,cytoskeleton,-0.5503129549979695,0.3313025219831083,0.05411570751749606,2,1.0
604,AAALg,cytoskeleton,0.04261608809338657,0.9344370029951092,0.3671945860060961,2,3.0
605,AAALh,transport vesicles,-0.5503129550000001,0.4982788759363497,-0.09290901641523064,4,1.0
606,AAALi,plasma membrane,-0.3661140817460028,-0.16331216348462874,-0.13055488168654095,2,1.0
607,AAALj,plasma membrane,4.817442443450058,0.5615181605879782,-0.35814774346656963,3,1.0
608,AAALk,nucleus,-0.5503129550000001,0.5282682229040276,0.6849144322209346,8,1.0
609,AAALl,nucleus,-0.44804234404963794,0.4587469202138841,0.23096687247961123,7,2.0
610,AAALm,plasma membrane,-0.5503129550000001,-0.2990897657016064,-0.12262328556521851,3,1.0
611,AAALn,mitochondria,-0.5230533296529385,0.1400694099473172,0.17041807972275613,2,1.0
612,AAALo,peroxisome,-0.550312954988901,-0.21300263242413742,0.2121404448949109,3,1.0
613,AAALp,mitochondria,-0.5502981062440567,0.9231644261187342,0.12209600638419982,8,3.0
614,AAALq,mitochondria,-0.5503129550000001,0.1424754196028004,-0.5250745801778054,2,4.0
615,AAALr,cytoplasm,8.141152703,0.45923249204586036,0.20349301226929262,4,1.0
616,AAALs,cytoskeleton,-0.550312949525803,0.3475503728747602,0.04145105692065654,3,1.0
617,AAALt,cytoskeleton,-0.5503129550000001,0.5996842467307879,0.10784879599442965,1,1.0
618,AAALu,nucleus,-0.5503129550000001,0.9334345876681243,-0.005857832574399424,3,1.0
619,AAALv,cytoskeleton,-0.5500353545070061,0.9814188471948286,0.0581057414602808,5,3.0
620,AAALw,nucleus,-0.5503129549999947,0.6659888098669176,0.09877594931672129,3,1.0
621,AAALx,cytoplasm,-0.550312955,0.9361450943100347,-0.08623114809314592,5,4.0
622,AAALy,nucleus,8.141152703,0.9217677849525163,0.7290598388498748,2,1.0
623,AAALz,vacuole,-0.5502920507436245,0.38377562220820716,0.8616021232943889,2,1.0
624,AAAMA,peroxisome,-0.5503129549741748,-0.3111467127579606,-0.10199880918327642,3,1.0
625,AAAMB,cytoskeleton,-0.0010634919162112455,0.6133174432305772,0.4526528267115282,2,1.0
626,AAAMC,nucleus,-0.550312953912913,0.45659666948256894,0.21678856731197582,2,1.0
627,AAAMD,ER,-0.5503129057833803,0.7654443156835984,0.379540603829287,11,1.0
628,AAAME,cytoskeleton,-0.5503128952900105,0.5987435238691072,-0.18923353402020293,3,1.0
629,AAAMF,nucleus,-0.530271727527593,0.1388977902362556,0.19302166657839548,6,1.0
630,AAAMG,nucleus,-0.5503129550000001,-0.7532301279027522,-0.4582174279451132,6,1.0
631,AAAMH,vacuole,-0.5503129549999983,0.6035282102060466,-0.17632383763007597,14,1.0
632,AAAMI,nucleus,-0.5503129376883693,0.4769122778383492,0.4614601937172478,8,2.0
633,AAAMJ,transport vesicles,-0.5503129550000001,-0.09871893543822752,-0.1582069435926925,4,1.0
634,AAAMK,nucleus,-0.5503129550000001,0.7923960030486537,-0.10780124744192521,1,4.0
635,AAAML,transport vesicles,-0.5503129550000001,0.6024900589110407,-0.24124490318438374,6,2.0
636,AAAMM,cytoplasm,-0.5503129549945175,0.4312782990879416,-0.047925075897084835,1,1.0
637,AAAMN,cytoplasm,-0.5501677867224108,-0.0058857060121086935,-0.2721620114374086,3,1.0
638,AAAMO,cytoplasm,-0.5490441804945607,0.8626422586071572,-0.09881423023211044,3,4.0
639,AAAMP,nucleus,8.141152703,0.9019910936793021,1.0,5,1.0
640,AAAMQ,vacuole,-0.5503129549999225,0.39523421377245915,0.10289198039648384,5,2.0
641,AAAMR,cytoskeleton,-0.5492929230425442,0.40939665798069025,0.05078001882082561,4,1.0
642,AAAMS,cytoskeleton,-0.539815648670059,0.7108834954799637,0.18069250409745985,1,1.0
643,AAAMT,plasma membrane,-0.5501235679145232,0.39020849198227725,0.3756430780022848,1,1.0
644,AAAMU,cytoplasm,1.7169100066108747,0.26550886967699006,0.07139034135202627,6,4.0
645,AAAMV,nucleus,-0.5503129550000001,-0.5971018451650911,-0.3062554972037199,1,1.0
646,AAAMW,vacuole,-0.5502829477416002,0.9002309021804835,0.4549579974659297,3,1.0
647,AAAMX,nucleus,8.141152703,0.41832114067273163,0.7080904875099567,6,1.0
648,AAAMY,plasma membrane,-0.07435280699603225,0.1938550558949781,-0.18433909425768524,4,1.0
649,AAAMZ,cytoplasm,-0.5503129550000001,-0.698252305286897,-0.05763888022080077,3,1.0
650,AAAMa,nucleus,-0.5440879934336175,0.22387240496511374,0.01372391716544863,3,2.0
651,AAAMb,integral membrane,-0.5461754390831632,0.646675185684523,0.18871268916184825,1,2.0
652,AAAMc,cytoskeleton,-0.5503129549999999,-0.3402896434682655,-0.28413092101983173,7,1.0
653,AAAMd,golgi,-0.5503129547514405,0.783139738387653,0.9143031331547538,1,1.0
654,AAAMe,mitochondria,-0.55031295499493,0.6437190062424998,0.04906914253981709,1,1.0
655,AAAMf,cytoplasm,-0.5503057791380318,0.7366160440211862,0.1808871382864341,2,1.0
656,AAAMg,cytoskeleton,-0.5503129550000001,0.243338255634588,-0.1880527493987192,2,1.0
657,AAAMh,cytoplasm,-0.5503129549999869,-0.3800193996141429,0.044172752429324724,9,1.0
658,AAAMi,cytoskeleton,-0.5494185620373915,0.7840555174041366,0.1343016196702953,1,1.0
659,AAAMj,nucleus,-0.5503129550000001,0.0690613493731429,-0.2628577776776557,5,2.0
660,AAAMk,nucleus,-0.5503095395208448,0.8725238405029689,0.05840357261668783,2,1.0
661,AAAMl,cytoplasm,-0.5484196468515615,0.1556722262263428,0.4663612213130546,4,2.0
662,AAAMm,nucleus,-0.5359162889771715,0.4141766568363996,0.232713199517653,3,1.0
663,AAAMn,cytoskeleton,-0.5503115368172323,0.37410824740083526,0.2741293300127796,3,1.0
664,AAAMo,peroxisome,-0.5503129549999993,0.13435295250596235,-0.29696602398944716,11,1.0
665,AAAMp,cytoskeleton,-0.5503129550000001,0.6611374581174445,0.26216147440240745,5,1.0
666,AAAMq,plasma membrane,-0.5503129550000001,0.6840623115341262,-0.05549530801858826,3,1.0
667,AAAMr,mitochondria,-0.5503129549977702,-0.05894123553779618,0.2223230105867846,1,1.0
668,AAAMs,mitochondria,-0.536366427963735,-0.2609692721680179,0.191329153697251,4,2.0
669,AAAMt,cytoplasm,-0.292978588793697,0.6500603478249882,0.5265328553400583,9,2.0
670,AAAMu,vacuole,-0.5503129550000001,-0.5003839645503556,-0.2564437739001797,1,1.0
671,AAAMv,nucleus,-0.5503129549999998,-0.02863164231111981,0.34014333743673086,2,1.0
672,AAAMw,cytoskeleton,-0.5503129550000001,-0.7973499904322479,-0.336980967124183,3,1.0
673,AAAMx,cytoplasm,-0.515398267806946,-0.0968659384647802,-0.5433752347119511,1,1.0
674,AAAMy,nucleus,-0.5503129549999972,0.9470588646124742,0.4208386338599994,6,3.0
675,AAAMz,vacuole,0.3112234936664464,-0.3798706336582448,-0.46799603847893345,3,3.0
676,AAANA,cytoskeleton,-0.5489089667861395,0.7282541704851797,0.19163245399314333,6,2.0
677,AAANB,cytoplasm,-0.5502665113850634,0.24853004365883047,0.08828910160094416,3,1.0
678,AAANC,cytoplasm,-0.5503129186142586,-0.20723812821799426,-0.0530300033198734,1,1.0
679,AAAND,ER,-0.5503129549999957,-0.5040096910019674,-0.38083560532946925,1,1.0
680,AAANE,golgi,-0.5503129549999993,0.5023400529805344,-0.12684034198290495,7,1.0
681,AAANF,transport vesicles,-0.5503128364604143,0.4766279710694139,0.2625961255542437,6,1.0
682,AAANG,nucleus,-0.5434577511815237,0.9548030607117424,0.3408735626992194,1,1.0
683,AAANH,cytoskeleton,-0.5503129550000001,-0.746987552658561,-0.8475943662080954,4,1.0
684,AAANI,extracellular,-0.032569472846519454,0.9787351220012355,0.3071297176156884,3,4.0
685,AAANJ,nucleus,-0.5485320652559628,0.7964620122561263,0.32293848877483455,5,1.0
686,AAANK,nucleus,-0.5503129549995169,0.9197691634327396,0.2520295467432754,10,4.0
687,AAANL,vacuole,-0.550291469093172,0.3160738293839165,-0.09138189368838345,5,1.0
688,AAANM,plasma membrane,6.230541710114253,0.6221137690142202,0.6786678230471712,3,1.0
689,AAANN,cytoskeleton,-0.4112095185932836,-0.3817961475704542,0.10621900039512044,6,1.0
690,AAANO,cytoplasm,1.3803130659100176,0.9596276833118762,0.8453539882519188,6,4.0
691,AAANP,cytoskeleton,-0.5503129387707385,0.4544414034272508,0.07370391676984767,3,1.0
692,AAANQ,nucleus,-0.5503129550000001,0.46444106824805864,-0.32481880498154014,3,3.0
693,AAANR,cytoplasm,3.396649418913693,0.46492453201386086,0.026465550155480244,9,1.0
694,AAANS,ER,-0.5503129550000001,0.653039892364218,-0.5190022465801427,15,1.0
695,AAANT,mitochondria,-0.550312954999606,0.05391774100563784,0.10094448903779041,1,1.0
696,AAANU,cytoplasm,-0.550312949696162,-0.5689548200083138,-0.016505894711589475,7,1.0
697,AAANV,mitochondria,-0.5503129549983657,0.9364623544210644,0.8255647872528353,2,2.0
698,AAANW,cytoplasm,6.81116497955174,0.7147779466251036,0.741825190580391,1,1.0
699,AAANX,golgi,-0.5503129408886447,-0.5126936049607407,-0.24963048025975554,5,4.0
700,AAANY,cytoskeleton,-0.5503092229391827,-0.28264054875309796,-0.024324337872777546,6,1.0
701,AAANZ,cytoskeleton,-0.5503112068286978,0.9196093485910222,0.7258584371755203,1,1.0
702,AAANa,cytoplasm,8.141152703,0.9862869621945645,0.7486493977798307,5,1.0
703,AAANb,cytoskeleton,8.141152703,0.6857372891196172,0.19880168672691267,5,1.0
704,AAANc,cytoskeleton,-0.32667635775199355,0.5252429626962951,-0.11437294245878094,3,1.0
705,AAANd,nucleus,-0.5501333502822426,0.5497986395565135,-0.141816700002678,8,2.0
706,AAANe,cytoplasm,-0.550312954999998,-0.7252175729336325,-0.3520572075836863,10,1.0
707,AAANf,cytoskeleton,-0.5503129550000001,-0.06266976890387632,0.22084369778698276,6,1.0
708,AAANg,plasma membrane,-0.5054846825502325,0.1992227673815632,0.17834284665147582,1,1.0
709,AAANh,cytoplasm,-0.5124536994630076,-0.33019076474348075,0.14626121969483075,1,1.0
710,AAANi,mitochondria,-0.5503129550000001,0.4795921518811874,0.05560735818378393,1,2.0
711,AAANj,nucleus,-0.5503129549797529,0.5777597899185309,0.24892039074165462,15,1.0
712,AAANk,mitochondria,-0.5503126331985183,0.7749248937913356,0.16629597268810148,2,3.0
713,AAANl,ER,-0.5503129549981628,0.7027636704600333,-0.32958048658897576,7,2.0
714,AAANm,cytoskeleton,-0.3402308155693865,0.5339921288794962,-0.003668496529052767,8,2.0
715,AAANn,cytoskeleton,-0.5503123849052262,0.8188362279391137,0.5397345857508591,12,1.0
716,AAANo,vacuole,-0.550312954999999,0.08412789665806497,-0.3097606469707219,2,1.0
717,AAANp,nucleus,-0.5503129549999612,0.29031666226840347,-0.16287932960483742,2,1.0
718,AAANq,cytoplasm,-0.5492315712836812,0.7774958330157848,0.45546123680742756,11,2.0
719,AAANr,plasma membrane,-0.1382139218009497,0.7054472673588466,0.21934791371655882,2,2.0
720,AAANs,cytoplasm,-0.5503124388196604,0.8419739209481325,0.14789984055956928,1,2.0
721,AAANt,cytoplasm,-0.3370859578936919,0.5621722955129131,0.5400611962529314,2,2.0
722,AAANu,cytoplasm,-0.550312933835295,0.18388337832715473,-0.11385098046881037,3,1.0
723,AAANv,cytoskeleton,-0.5503124688401962,-0.2327024620121766,0.08500627703160069,4,1.0
724,AAANw,cytoskeleton,-0.550312954995571,0.5163738095220345,-0.3381179578425557,4,2.0
725,AAANx,mitochondria,-0.5503129550000001,-0.353747798941909,-0.6964632789821104,1,1.0
726,AAANy,cytoskeleton,-0.5414218383324975,-0.012790172583225567,0.4225740345975817,2,1.0
727,AAANz,mitochondria,-0.5503129550000001,0.7722805923977079,-0.13240339617951413,1,2.0
728,AAAOA,transport vesicles,5.723707181359779,-0.22171185553803185,0.41590205105109357,7,1.0
729,AAAOB,vacuole,1.3600917046382135,0.9576889684481316,0.2797256761005431,12,4.0
730,AAAOC,cytoplasm,7.000865355246908,0.5485126459974186,1.0,3,1.0
731,AAAOD,cytoplasm,-0.5503129546852487,0.9068563596068402,0.4215454800756757,4,1.0
732,AAAOE,cytoplasm,1.1543003690147837,0.5192138268795181,0.30973859615800414,1,1.0
733,AAAOF,plasma membrane,-0.5477302676543102,0.3580529902309102,0.31015215243765937,3,2.0
734,AAAOG,mitochondria,-0.5454611283180332,0.5561143817937988,0.606684932016059,1,1.0
735,AAAOH,mitochondria,-0.5253425651798818,0.6211606533833862,-0.10040559674254168,2,2.0
736,AAAOI,golgi,0.6686747227133396,0.38876257869613595,0.08779982512608586,8,1.0
737,AAAOJ,ER,-0.5503129550000001,0.2717588523656582,-0.3693167528454566,12,1.0
738,AAAOK,cytoplasm,-0.5232035919519809,0.599648618363994,0.2737627700182439,5,2.0
739,AAAOL,cytoplasm,-0.5503129549999939,-0.2139031780675551,-0.6420541764940855,6,2.0
740,AAAOM,cytoskeleton,-0.5503129550000001,0.26619957813543027,-0.5313835350320104,7,11.0
741,AAAON,cytoplasm,-0.5503129550000001,0.3034098288545213,-0.5031321471277224,1,2.0
742,AAAOO,mitochondria,-0.5502182319597869,0.9041078771210513,0.32811525512259765,4,1.0
743,AAAOP,vacuole,-0.5503129549999997,-0.41717356216498397,-0.13681240907168557,7,1.0
744,AAAOQ,plasma membrane,-0.5454397609605344,0.15844869814118367,0.507049036046233,3,1.0
745,AAAOR,cytoplasm,-0.5401460630146451,-0.07867902420963035,0.38944528648166354,1,1.0
746,AAAOS,cytoskeleton,-0.08734284372542134,0.8345897529698454,0.3575440406576367,6,1.0
747,AAAOT,plasma membrane,-0.5503129549996905,0.348665145163056,-0.06523258226025352,8,1.0
748,AAAOU,cytoplasm,-0.5503129549959042,-0.08226247908682283,-0.19712006169903962,3,2.0
749,AAAOV,cytoskeleton,-0.5503129545128587,0.7607122509825104,0.13067559837579035,4,4.0
750,AAAOW,nucleus,-0.18035837318379627,-0.7640175083605114,-0.005585275430610492,18,1.0
751,AAAOX,nucleus,-0.5503129550000001,-0.028372871540395028,0.4250747159625634,2,2.0
752,AAAOY,nucleus,-0.5503129547972327,-0.5345187145302362,-0.4746332963733426,7,1.0
753,AAAOZ,cytoplasm,1.70647988776455,0.7778113214814537,0.4552283537409987,2,1.0
754,AAAOa,plasma membrane,-0.5498115384227175,0.508066043127926,-0.12383194945322629,4,1.0
755,AAAOb,nucleus,8.141152703,0.8466246134241515,0.8893638962278358,1,2.0
756,AAAOc,nucleus,-0.5503128885788751,-0.703624492108698,-0.17057375665560337,1,1.0
757,AAAOd,cytoplasm,-0.5493405345001849,0.14537137631565833,0.23825571818989832,5,2.0
758,AAAOe,ER,-0.5503129550000001,0.5310380184516741,0.6208270471578983,2,1.0
759,AAAOf,transport vesicles,-0.543212978352982,0.1363482859564431,-0.06870413527980745,6,3.0
760,AAAOg,cytoskeleton,-0.5503129505328954,-0.26736677578306467,-0.12924450444406577,1,1.0
761,AAAOh,vacuole,-0.5499376444734382,0.8674230859316154,-0.34631984815065997,9,2.0
762,AAAOi,cytoskeleton,-0.5503129550000001,-0.20272600870728552,0.21580714337884688,5,1.0
763,AAAOj,nucleus,-0.21477727684213876,-0.42129008667252066,0.1856381708580872,1,1.0
764,AAAOk,cytoskeleton,8.141152703,0.5200964313465659,0.3452264320591203,3,2.0
765,AAAOl,plasma membrane,-0.550312952657468,0.6439039122474575,0.3833720779846077,9,1.0
766,AAAOm,nucleus,-0.5503128216548172,0.7091148683536841,-0.1491335565049634,2,2.0
767,AAAOn,vacuole,-0.5503129550000001,-0.3122331917182838,-0.0193250899561197,2,1.0
768,AAAOo,golgi,-0.5503129544276245,0.4962880738480666,0.10165953599090516,4,1.0
769,AAAOp,plasma membrane,-0.5503087735942541,0.20925409729255762,-0.19330395106536513,2,6.0
770,AAAOq,nucleus,-0.5503129550000001,-0.22546449663696733,-0.5217373663895264,11,2.0
771,AAAOr,cytoplasm,-0.5502695863002931,-0.07875992806431664,0.2632135627200092,13,1.0
772,AAAOs,cytoplasm,8.141152703,0.8502093185026147,0.19819102491965968,14,2.0
773,AAAOt,nucleus,-0.5503110873239208,0.5310586258789609,0.08208964384737816,7,2.0
774,AAAOu,cytoskeleton,-0.5503129549956809,0.8002509979226557,0.40756409183987596,10,2.0
775,AAAOv,cytoplasm,-0.4943215442121901,0.7577650749940994,0.1568379600226093,7,1.0
776,AAAOw,vacuole,-0.5503129550000001,0.9068021941387636,0.1162881915582159,1,1.0
777,AAAOx,mitochondria,-0.5503129550000001,0.5821568048100709,0.03565727298105781,1,2.0
778,AAAOy,nucleus,-0.549685115080905,0.8338557668517894,0.6049454105662799,3,1.0
779,AAAOz,vacuole,-0.550275458549067,-0.6486961125761854,-0.6667971685054241,1,1.0
780,AAAPA,cytoskeleton,-0.5503129550000001,0.2193607361619343,-0.059276684568404514,7,1.0
781,AAAPB,cytoplasm,-0.5503129550000001,0.1356400929549022,0.3428443938621921,1,1.0
782,AAAPC,nucleus,-0.5305154185840166,0.10265223899350007,-0.15319353635086763,9,1.0
783,AAAPD,cytoskeleton,-0.5503129549999511,0.012480199030378558,-0.30241973202019534,17,1.0
784,AAAPE,cytoplasm,-0.5465999950163906,0.2809251181867227,-0.01121648043803991,3,2.0
785,AAAPF,cytoskeleton,-0.5503128958298875,0.7243438095931778,0.28297283364925807,2,1.0
786,AAAPG,cytoskeleton,3.5279248826528997,0.8449961666203392,0.21049770920191335,5,4.0
787,AAAPH,plasma membrane,-0.5501817437232411,0.702186488751134,0.09172930527468148,1,1.0
788,AAAPI,nucleus,-0.3046942985219278,0.85423629682459,0.4227661189974534,8,1.0
789,AAAPJ,nucleus,-0.5503129550000001,0.4985300170143254,-0.019255054818194006,3,1.0
790,AAAPK,plasma membrane,-0.5503129227802899,0.6562269663929605,0.5430857585024818,3,2.0
791,AAAPL,cytoskeleton,-0.4481154846968066,-0.4511154896477407,0.2458601457001941,7,1.0
792,AAAPM,mitochondria,-0.5451136589433963,-0.12548787947710927,-0.039805726992484525,10,1.0
793,AAAPN,cytoskeleton,-0.5486458861970462,0.7791699910365764,0.16967517953304068,1,2.0
794,AAAPO,cytoskeleton,0.10235631368552667,0.6986893884140382,0.8382595370457864,2,1.0
795,AAAPP,golgi,-0.5503128437494634,-0.23631150080456254,-0.26482843269223544,10,1.0
796,AAAPQ,plasma membrane,-0.5502723571984103,0.6338220146782338,-0.12732873646769383,2,1.0
797,AAAPR,nucleus,-0.5503129549877955,-0.23093667162748233,-0.07209896037674035,5,1.0
798,AAAPS,cytoplasm,-0.5503129550000001,-0.6483922874921416,-0.9111403669236168,2,1.0
799,AAAPT,cytoplasm,-0.5503123072661555,0.7440334538849598,0.9391482672674201,3,2.0
800,AAAPU,cytoplasm,-0.5503021226532251,0.8023046516164634,0.7463859669275861,17,1.0
801,AAAPV,mitochondria,-0.5503125548283244,0.17217771884610888,0.22849257997463912,2,1.0
802,AAAPW,plasma membrane,-0.5503129549999514,0.34305866492029446,-0.01660764802660064,1,1.0
803,AAAPX,nucleus,-0.5503129550000001,0.355490815020024,-0.05330165121588459,6,1.0
804,AAAPY,cytoplasm,-0.5503129549999866,0.5266534776396541,0.9673713064159539,9,2.0
805,AAAPZ,cytoskeleton,0.05902974492555313,-0.02034247164885561,0.1454809054547841,8,1.0
806,AAAPa,golgi,-0.550312851658486,0.03804117709194066,-0.3745081056204078,3,4.0
807,AAAPb,nucleus,-0.45652022149781424,0.9284517497627984,1.0,2,1.0
808,AAAPc,nucleus,-0.5462612440596684,0.7667648822452313,0.7725857558480942,2,1.0
809,AAAPd,nucleus,-0.5503129550000001,0.24881740773335292,-0.7325769900140888,2,1.0
810,AAAPe,nucleus,-0.5501676796050627,-0.28287348761200903,0.002742176905570659,2,1.0
811,AAAPf,cytoplasm,3.5605206171845074,-0.357091549134984,-0.23332986065571082,3,1.0
812,AAAPg,cytoskeleton,7.859319897403423,-0.3843858974562946,0.2937251250153379,3,1.0
813,AAAPh,plasma membrane,-0.5503128718931728,0.8881759780519582,0.1385339046074625,1,4.0
814,AAAPi,mitochondria,-0.5502777372294854,0.7355656877733379,0.4222476833922828,7,2.0
815,AAAPj,nucleus,-0.5503129550000001,0.24468042507841492,0.334076793309253,4,1.0
816,AAAPk,golgi,-0.3869241564263666,0.22623095146662853,0.4805508527175766,3,1.0
817,AAAPl,cytoskeleton,-0.5503129550000001,0.1060247386586175,-0.10600404568001842,8,1.0
818,AAAPm,cytoskeleton,2.2019477293661964,0.6225289777535516,0.06208325049366925,9,2.0
819,AAAPn,plasma membrane,-0.550308928833458,-0.187103780486087,-0.003097807915212636,5,3.0
820,AAAPo,plasma membrane,-0.5503084137001266,0.6256240237598429,0.1657248620499825,2,1.0
821,AAAPp,nucleus,-0.5282163817467439,-0.310185273415036,0.22013074603621874,1,1.0
822,AAAPq,nucleus,-0.5503128561316059,0.838477156911487,-0.19760093606760631,3,2.0
823,AAAPr,cytoskeleton,-0.5503123445701427,0.2316388238488145,0.4913753443054292,5,1.0
824,AAAPs,nucleus,-0.5388387986959294,0.5104179238361262,0.30435069264160663,8,1.0
825,AAAPt,cytoplasm,-0.5503129549252366,0.6067907026184245,0.11856252063796058,7,1.0
826,AAAPu,cytoplasm,-0.5503129550000001,0.2697555458626779,-0.36978853109153453,5,3.0
827,AAAPv,cytoskeleton,-0.5503129544171057,0.4209009440704745,-0.41067380697896816,3,2.0
828,AAAPw,cytoplasm,-0.5503129550000001,0.2306804182768447,-0.4699671861821544,4,2.0
829,AAAPx,nucleus,-0.5503129550000001,0.5423505162369786,0.024681347352601968,2,1.0
830,AAAPy,nucleus,-0.5502482909934352,0.9577335690922908,0.30331673087980926,2,1.0
831,AAAPz,nucleus,-0.55031029379371,0.29004096039629657,0.04433209411043704,7,1.0
832,AAAQA,nucleus,2.43448108227422,0.5266572521847976,0.8384003217602323,7,1.0
833,AAAQB,cytoskeleton,-0.5503129550000001,0.6549376472568156,-0.13275328496853134,3,6.0
834,AAAQC,plasma membrane,-0.5316523197903206,0.8555172885555393,0.4801517289342119,7,2.0
835,AAAQD,cytoskeleton,-0.5503123150747788,0.046391965674116964,-0.30323801494570146,1,3.0
836,AAAQE,cytoplasm,-0.5039578013420366,0.2377498362711885,0.10069995820923472,1,2.0
837,AAAQF,cytoplasm,-0.5503129549999586,-0.29607748154408475,-0.08496963143308256,2,1.0
838,AAAQG,cytoplasm,-0.5503129550000001,0.10513114424021319,-0.43273127845296,1,1.0
839,AAAQH,plasma membrane,2.996217870006779,0.1085350937079026,0.1463168446952534,3,1.0
840,AAAQI,cytoplasm,-0.5463136522985038,0.9533638880090083,0.786086982339059,2,2.0
841,AAAQJ,nucleus,-0.08138807515496005,0.013514548237247181,0.5708944543208494,7,1.0
842,AAAQK,mitochondria,-0.5503129450386357,0.5769347604505599,-0.22061967577161745,1,2.0
843,AAAQL,plasma membrane,8.141152703,0.9261514410875311,-0.013337567904499359,3,2.0
844,AAAQM,nucleus,-0.5503128215702981,-0.2917983443059273,-0.6156812262693272,3,2.0
845,AAAQN,cytoplasm,-0.5245657928616357,-0.013316172490005163,0.6195898364644119,8,1.0
846,AAAQO,mitochondria,8.141152703,0.09172012947500008,0.6833308851200468,8,1.0
847,AAAQP,vacuole,-0.5503129550000001,0.4934336549010052,-0.5302316982126882,6,3.0
848,AAAQQ,mitochondria,-0.5503129549999979,0.34823409031467434,0.14370051445148269,8,1.0
849,AAAQR,nucleus,-0.1850851582596268,0.13275451503309488,0.3212031069163004,1,1.0
850,AAAQS,cytoplasm,-0.5172844846193447,0.833676742549389,-0.24774101056164044,3,6.0
851,AAAQT,vacuole,-0.5503129549094483,0.14707695667136034,-0.3331399521039704,14,1.0
852,AAAQU,nucleus,-0.5413933561617557,0.6322866186678957,-0.009109549890150337,2,1.0
853,AAAQV,cytoskeleton,-0.5503129550000001,0.5403776828237472,0.010753880242921454,1,1.0
854,AAAQW,cytoplasm,-0.5503127358184696,-0.007089313967193478,0.31853588343468564,5,1.0
855,AAAQX,vacuole,-0.5382100531447673,-0.16216781967380256,-0.1452427960798217,8,2.0
856,AAAQY,cytoplasm,0.6825938577363291,0.8557311924044753,0.5394655577646588,7,3.0
857,AAAQZ,vacuole,-0.5503129549999516,0.553347977584022,0.02217970577991113,2,1.0
858,AAAQa,cytoskeleton,-0.5503108900959168,0.3388088517137844,0.0758854820214212,2,1.0
859,AAAQb,nucleus,-0.5503129550000001,0.650495547251005,-0.48302291725396684,10,1.0
860,AAAQc,mitochondria,-0.5503129549946199,-0.6324178764227444,0.007377065273542538,3,1.0
861,AAAQd,cytoplasm,-0.5503129078261366,0.18746904219327387,0.29301897622522244,7,1.0
